{
  "project_info": {
    "project_number": "714982738756",
    "project_id": "video4u-74082",
    "storage_bucket": "video4u-74082.appspot.com"
  },
  "client": [
    {
      "client_info": {
        "mobilesdk_app_id": "1:714982738756:android:991b2e42613f0554902511",
        "android_client_info": {
          "package_name": "com.example.video4u"
        }
      },
      "oauth_client": [
        {
          "client_id": "714982738756-3fe1j5cto9b1nelllgmtqrllve99e8qs.apps.googleusercontent.com",
          "client_type": 1,
          "android_info": {
            "package_name": "com.example.video4u",
            "certificate_hash": "9adb05fe7c5e8457ac5937a3f8d0792fe0e0d54b"
          }
        },
        {
          "client_id": "714982738756-gtjcbrtr2apeda6eaq5r3p97ebtbls37.apps.googleusercontent.com",
          "client_type": 3
        }
      ],
      "api_key": [
        {
          "current_key": "AIzaSyBiKlTPf8HaDmSq-GCWJdOojg0QBbGMOdE"
        }
      ],
      "services": {
        "appinvite_service": {
          "other_platform_oauth_client": [
            {
              "client_id": "714982738756-gtjcbrtr2apeda6eaq5r3p97ebtbls37.apps.googleusercontent.com",
              "client_type": 3
            }
          ]
        }
      }
    }
  ],
  "configuration_version": "1"
}